TANGGAL,TN,TX,TAVG,RH_AVG,RR,source_file
2024-07-01,24.3,31.5,27.4,81.0,0.1,laporan_iklim_harian-Juli - 2024.xlsx
2024-07-02,24.3,33.2,27.9,77.0,0.0,laporan_iklim_harian-Juli - 2024.xlsx
2024-07-03,24.2,33.6,28.6,74.0,2.1,laporan_iklim_harian-Juli - 2024.xlsx
2024-07-04,22.6,32.9,27.6,73.0,0.0,laporan_iklim_harian-Juli - 2024.xlsx
2024-07-05,22.4,34.2,27.3,78.0,0.0,laporan_iklim_harian-Juli - 2024.xlsx
2024-07-06,22.8,32.5,27.4,79.0,0.8,laporan_iklim_harian-Juli - 2024.xlsx
2024-07-07,22.1,33.1,27.9,75.0,2.5,laporan_iklim_harian-Juli - 2024.xlsx
2024-07-08,,30.8,,,,laporan_iklim_harian-Juli - 2024.xlsx
2024-07-09,23.7,30.1,26.9,87.0,1.6,laporan_iklim_harian-Juli - 2024.xlsx
2024-07-10,23.4,30.4,26.1,86.0,1.5,laporan_iklim_harian-Juli - 2024.xlsx
2024-07-11,22.8,33.9,27.6,74.0,8888.0,laporan_iklim_harian-Juli - 2024.xlsx
2024-07-12,23.4,31.4,26.4,86.0,0.0,laporan_iklim_harian-Juli - 2024.xlsx
2024-07-13,23.6,33.9,28.7,79.0,17.3,laporan_iklim_harian-Juli - 2024.xlsx
2024-07-14,24.2,30.2,27.0,82.0,0.0,laporan_iklim_harian-Juli - 2024.xlsx
2024-07-15,23.8,32.2,27.6,78.0,0.0,laporan_iklim_harian-Juli - 2024.xlsx
2024-07-16,23.8,31.8,27.9,77.0,0.0,laporan_iklim_harian-Juli - 2024.xlsx
2024-07-17,24.2,33.2,28.5,72.0,0.0,laporan_iklim_harian-Juli - 2024.xlsx
2024-07-18,22.8,33.8,27.9,77.0,0.6,laporan_iklim_harian-Juli - 2024.xlsx
2024-07-19,23.4,33.2,28.6,77.0,0.0,laporan_iklim_harian-Juli - 2024.xlsx
2024-07-20,25.0,34.0,29.1,74.0,0.0,laporan_iklim_harian-Juli - 2024.xlsx
2024-07-21,25.4,33.3,29.0,75.0,0.0,laporan_iklim_harian-Juli - 2024.xlsx
2024-07-22,25.5,34.4,29.2,75.0,0.0,laporan_iklim_harian-Juli - 2024.xlsx
2024-07-23,25.0,35.2,29.7,71.0,0.0,laporan_iklim_harian-Juli - 2024.xlsx
2024-07-24,26.0,35.6,29.9,69.0,0.0,laporan_iklim_harian-Juli - 2024.xlsx
2024-07-25,24.6,35.2,29.2,71.0,0.0,laporan_iklim_harian-Juli - 2024.xlsx
2024-07-26,23.8,34.0,28.1,75.0,0.0,laporan_iklim_harian-Juli - 2024.xlsx
2024-07-27,24.2,33.7,28.9,72.0,0.0,laporan_iklim_harian-Juli - 2024.xlsx
2024-07-28,24.8,34.7,29.2,72.0,0.0,laporan_iklim_harian-Juli - 2024.xlsx
2024-07-29,24.7,33.9,29.0,74.0,0.0,laporan_iklim_harian-Juli - 2024.xlsx
2024-07-30,23.7,34.6,28.6,76.0,0.0,laporan_iklim_harian-Juli - 2024.xlsx
2024-07-31,23.7,29.0,25.0,91.0,0.3,laporan_iklim_harian-Juli - 2024.xlsx
2024-08-01,23.1,33.9,28.0,79.0,27.0,laporan_iklim_harian-agustus - 2024.xlsx
2024-08-02,23.2,33.1,28.4,79.0,0.0,laporan_iklim_harian-agustus - 2024.xlsx
2024-08-03,25.1,33.9,29.0,75.0,0.0,laporan_iklim_harian-agustus - 2024.xlsx
2024-08-04,23.3,32.3,26.4,86.0,7.0,laporan_iklim_harian-agustus - 2024.xlsx
2024-08-05,23.1,31.4,26.9,83.0,8888.0,laporan_iklim_harian-agustus - 2024.xlsx
2024-08-06,23.8,32.7,28.0,80.0,8888.0,laporan_iklim_harian-agustus - 2024.xlsx
2024-08-07,23.9,31.2,26.6,88.0,24.1,laporan_iklim_harian-agustus - 2024.xlsx
2024-08-08,24.0,32.6,27.7,82.0,8888.0,laporan_iklim_harian-agustus - 2024.xlsx
2024-08-09,24.8,31.2,27.0,82.0,0.0,laporan_iklim_harian-agustus - 2024.xlsx
2024-08-10,23.8,33.5,28.1,80.0,8888.0,laporan_iklim_harian-agustus - 2024.xlsx
2024-08-11,24.4,33.0,28.6,80.0,8888.0,laporan_iklim_harian-agustus - 2024.xlsx
2024-08-12,23.6,34.1,28.4,75.0,8888.0,laporan_iklim_harian-agustus - 2024.xlsx
2024-08-13,23.7,32.7,28.0,78.0,0.0,laporan_iklim_harian-agustus - 2024.xlsx
2024-08-14,24.5,33.4,28.0,76.0,0.0,laporan_iklim_harian-agustus - 2024.xlsx
2024-08-15,24.8,33.6,27.8,83.0,0.0,laporan_iklim_harian-agustus - 2024.xlsx
2024-08-16,25.6,28.8,25.6,96.0,1.2,laporan_iklim_harian-agustus - 2024.xlsx
2024-08-17,23.9,32.6,27.7,82.0,49.7,laporan_iklim_harian-agustus - 2024.xlsx
2024-08-18,24.4,32.5,27.7,84.0,8888.0,laporan_iklim_harian-agustus - 2024.xlsx
2024-08-19,24.3,34.0,29.1,76.0,11.6,laporan_iklim_harian-agustus - 2024.xlsx
2024-08-20,24.0,30.0,25.8,88.0,3.6,laporan_iklim_harian-agustus - 2024.xlsx
2024-08-21,24.0,30.4,26.6,86.0,0.4,laporan_iklim_harian-agustus - 2024.xlsx
2024-08-22,24.2,32.5,27.6,82.0,8888.0,laporan_iklim_harian-agustus - 2024.xlsx
2024-08-23,24.2,28.9,25.7,90.0,0.0,laporan_iklim_harian-agustus - 2024.xlsx
2024-08-24,23.4,29.2,25.9,87.0,8.9,laporan_iklim_harian-agustus - 2024.xlsx
2024-08-25,23.0,32.4,26.5,83.0,0.3,laporan_iklim_harian-agustus - 2024.xlsx
2024-08-26,23.3,32.0,26.9,81.0,0.0,laporan_iklim_harian-agustus - 2024.xlsx
2024-08-27,23.9,30.2,26.9,83.0,0.0,laporan_iklim_harian-agustus - 2024.xlsx
2024-08-28,23.4,32.4,27.6,75.0,0.0,laporan_iklim_harian-agustus - 2024.xlsx
2024-08-29,24.2,34.2,28.7,76.0,8888.0,laporan_iklim_harian-agustus - 2024.xlsx
2024-08-30,24.4,33.3,28.5,73.0,0.0,laporan_iklim_harian-agustus - 2024.xlsx
2024-08-31,24.5,33.7,28.8,73.0,0.0,laporan_iklim_harian-agustus - 2024.xlsx
2024-09-01,24.0,35.1,28.9,75.0,8888.0,laporan_iklim_harian-september 2024.xlsx
2024-09-02,25.3,34.3,29.2,80.0,15.5,laporan_iklim_harian-september 2024.xlsx
2024-09-03,23.2,32.8,27.1,80.0,13.0,laporan_iklim_harian-september 2024.xlsx
2024-09-04,23.4,30.4,25.8,88.0,0.5,laporan_iklim_harian-september 2024.xlsx
2024-09-05,23.8,34.9,28.9,78.0,8888.0,laporan_iklim_harian-september 2024.xlsx
2024-09-06,24.3,33.0,28.2,80.0,0.1,laporan_iklim_harian-september 2024.xlsx
2024-09-07,25.0,34.8,29.9,73.0,8888.0,laporan_iklim_harian-september 2024.xlsx
2024-09-08,25.0,34.0,28.7,76.0,8.3,laporan_iklim_harian-september 2024.xlsx
2024-09-09,24.9,29.8,26.8,85.0,0.0,laporan_iklim_harian-september 2024.xlsx
2024-09-10,23.8,32.0,27.1,82.0,4.8,laporan_iklim_harian-september 2024.xlsx
2024-09-11,23.8,31.7,26.6,88.0,0.1,laporan_iklim_harian-september 2024.xlsx
2024-09-12,23.3,30.6,26.1,87.0,8.2,laporan_iklim_harian-september 2024.xlsx
2024-09-13,23.2,34.4,28.2,74.0,0.0,laporan_iklim_harian-september 2024.xlsx
2024-09-14,23.2,33.0,27.2,81.0,8888.0,laporan_iklim_harian-september 2024.xlsx
2024-09-15,23.2,31.9,27.6,81.0,1.6,laporan_iklim_harian-september 2024.xlsx
2024-09-16,22.9,34.2,27.5,77.0,0.4,laporan_iklim_harian-september 2024.xlsx
2024-09-17,23.2,32.2,26.7,84.0,0.0,laporan_iklim_harian-september 2024.xlsx
2024-09-18,23.3,33.1,28.0,76.0,8888.0,laporan_iklim_harian-september 2024.xlsx
2024-09-19,23.2,34.7,28.4,74.0,0.8,laporan_iklim_harian-september 2024.xlsx
2024-09-20,24.4,34.4,28.8,75.0,8888.0,laporan_iklim_harian-september 2024.xlsx
2024-09-21,23.9,34.8,28.7,72.0,0.1,laporan_iklim_harian-september 2024.xlsx
2024-09-22,24.4,35.1,29.5,71.0,0.0,laporan_iklim_harian-september 2024.xlsx
2024-09-23,25.5,34.3,28.2,82.0,0.0,laporan_iklim_harian-september 2024.xlsx
2024-09-24,22.7,33.9,26.7,79.0,1.4,laporan_iklim_harian-september 2024.xlsx
2024-09-25,23.3,33.5,28.5,76.0,0.0,laporan_iklim_harian-september 2024.xlsx
2024-09-26,22.3,29.9,24.7,89.0,1.5,laporan_iklim_harian-september 2024.xlsx
2024-09-27,22.4,33.9,27.9,79.0,0.8,laporan_iklim_harian-september 2024.xlsx
2024-09-28,24.0,31.4,26.8,86.0,0.0,laporan_iklim_harian-september 2024.xlsx
2024-09-29,24.5,34.7,28.6,78.0,4.1,laporan_iklim_harian-september 2024.xlsx
2024-09-30,23.8,34.6,28.3,77.0,8888.0,laporan_iklim_harian-september 2024.xlsx
2024-10-01,23.6,32.1,26.8,82.0,0.0,laporan_iklim_harian-oktober 2024.xlsx
2024-10-02,23.9,34.5,28.7,78.0,8888.0,laporan_iklim_harian-oktober 2024.xlsx
2024-10-03,23.7,33.0,26.9,85.0,2.0,laporan_iklim_harian-oktober 2024.xlsx
2024-10-04,24.3,32.0,26.7,87.0,2.5,laporan_iklim_harian-oktober 2024.xlsx
2024-10-05,24.7,33.0,26.8,85.0,8888.0,laporan_iklim_harian-oktober 2024.xlsx
2024-10-06,23.6,32.2,27.3,82.0,24.2,laporan_iklim_harian-oktober 2024.xlsx
2024-10-07,24.1,33.2,28.5,75.0,0.0,laporan_iklim_harian-oktober 2024.xlsx
2024-10-08,24.8,31.1,26.8,91.0,0.0,laporan_iklim_harian-oktober 2024.xlsx
2024-10-09,24.3,33.6,28.4,79.0,13.3,laporan_iklim_harian-oktober 2024.xlsx
2024-10-10,24.5,31.8,26.9,85.0,0.0,laporan_iklim_harian-oktober 2024.xlsx
2024-10-11,25.0,32.2,27.7,84.0,11.7,laporan_iklim_harian-oktober 2024.xlsx
2024-10-12,23.5,32.1,27.1,85.0,20.3,laporan_iklim_harian-oktober 2024.xlsx
2024-10-13,23.8,33.0,26.7,87.0,0.7,laporan_iklim_harian-oktober 2024.xlsx
2024-10-14,24.4,33.0,28.1,82.0,43.0,laporan_iklim_harian-oktober 2024.xlsx
2024-10-15,23.2,31.7,26.9,82.0,1.0,laporan_iklim_harian-oktober 2024.xlsx
2024-10-16,23.7,32.7,28.3,79.0,1.2,laporan_iklim_harian-oktober 2024.xlsx
2024-10-17,25.0,32.8,27.9,81.0,0.0,laporan_iklim_harian-oktober 2024.xlsx
2024-10-18,23.3,33.2,26.1,83.0,23.5,laporan_iklim_harian-oktober 2024.xlsx
2024-10-19,23.2,33.9,27.8,74.0,0.3,laporan_iklim_harian-oktober 2024.xlsx
2024-10-20,23.2,34.7,28.1,75.0,1.5,laporan_iklim_harian-oktober 2024.xlsx
2024-10-21,24.1,34.8,29.4,75.0,0.0,laporan_iklim_harian-oktober 2024.xlsx
2024-10-22,25.1,35.5,29.8,70.0,0.0,laporan_iklim_harian-oktober 2024.xlsx
2024-10-23,25.2,35.3,29.6,71.0,0.0,laporan_iklim_harian-oktober 2024.xlsx
2024-10-24,25.2,34.8,29.6,74.0,0.0,laporan_iklim_harian-oktober 2024.xlsx
2024-10-25,24.6,34.6,28.5,72.0,0.0,laporan_iklim_harian-oktober 2024.xlsx
2024-10-26,24.8,35.0,29.0,72.0,0.0,laporan_iklim_harian-oktober 2024.xlsx
2024-10-27,23.4,35.5,29.7,68.0,0.0,laporan_iklim_harian-oktober 2024.xlsx
2024-10-28,24.0,36.1,29.5,66.0,0.0,laporan_iklim_harian-oktober 2024.xlsx
2024-10-29,24.4,35.9,30.0,71.0,0.0,laporan_iklim_harian-oktober 2024.xlsx
2024-10-30,21.8,34.9,28.1,75.0,53.6,laporan_iklim_harian-oktober 2024.xlsx
2024-10-31,22.4,32.5,27.5,79.0,0.0,laporan_iklim_harian-oktober 2024.xlsx
2024-11-01,22.4,33.4,27.5,80.0,38.4,laporan_iklim_harian-november-2024.xlsx
2024-11-02,23.4,30.4,26.4,88.0,4.2,laporan_iklim_harian-november-2024.xlsx
2024-11-03,24.0,35.0,28.8,78.0,0.0,laporan_iklim_harian-november-2024.xlsx
2024-11-04,22.6,30.4,26.2,84.0,12.4,laporan_iklim_harian-november-2024.xlsx
2024-11-05,23.3,32.1,26.2,87.0,6.0,laporan_iklim_harian-november-2024.xlsx
2024-11-06,23.4,32.5,27.2,82.0,3.3,laporan_iklim_harian-november-2024.xlsx
2024-11-07,22.0,29.6,25.2,90.0,44.1,laporan_iklim_harian-november-2024.xlsx
2024-11-08,22.7,31.9,26.6,84.0,1.2,laporan_iklim_harian-november-2024.xlsx
2024-11-09,22.9,33.5,27.8,79.0,0.0,laporan_iklim_harian-november-2024.xlsx
2024-11-10,22.3,31.7,26.8,83.0,97.1,laporan_iklim_harian-november-2024.xlsx
2024-11-11,23.2,34.5,29.0,79.0,0.0,laporan_iklim_harian-november-2024.xlsx
2024-11-12,23.3,32.2,26.9,86.0,37.6,laporan_iklim_harian-november-2024.xlsx
2024-11-13,23.6,30.6,26.8,86.0,6.6,laporan_iklim_harian-november-2024.xlsx
2024-11-14,24.2,32.1,26.2,89.0,0.0,laporan_iklim_harian-november-2024.xlsx
2024-11-15,23.9,32.3,28.1,83.0,33.1,laporan_iklim_harian-november-2024.xlsx
2024-11-16,24.9,31.7,26.5,89.0,0.0,laporan_iklim_harian-november-2024.xlsx
2024-11-17,23.8,32.1,27.2,86.0,56.2,laporan_iklim_harian-november-2024.xlsx
2024-11-18,23.3,31.2,25.7,90.0,0.1,laporan_iklim_harian-november-2024.xlsx
2024-11-19,23.2,31.1,26.3,90.0,70.0,laporan_iklim_harian-november-2024.xlsx
2024-11-20,24.0,31.9,26.8,90.0,8888.0,laporan_iklim_harian-november-2024.xlsx
2024-11-21,24.7,32.3,26.5,90.0,1.9,laporan_iklim_harian-november-2024.xlsx
2024-11-22,23.4,32.1,26.4,87.0,38.7,laporan_iklim_harian-november-2024.xlsx
2024-11-23,24.0,30.1,26.4,92.0,2.0,laporan_iklim_harian-november-2024.xlsx
2024-11-24,23.7,29.7,26.1,91.0,0.3,laporan_iklim_harian-november-2024.xlsx
2024-11-25,24.1,31.4,25.8,93.0,3.3,laporan_iklim_harian-november-2024.xlsx
2024-11-26,23.4,33.6,26.8,86.0,2.6,laporan_iklim_harian-november-2024.xlsx
2024-11-27,23.2,29.4,25.6,92.0,15.3,laporan_iklim_harian-november-2024.xlsx
2024-11-28,23.4,32.8,26.9,85.0,2.2,laporan_iklim_harian-november-2024.xlsx
2024-11-29,23.0,27.8,25.4,93.0,7.7,laporan_iklim_harian-november-2024.xlsx
2024-11-30,23.8,33.4,28.0,81.0,8888.0,laporan_iklim_harian-november-2024.xlsx
2024-12-01,23.8,32.6,27.5,82.0,4.1,laporan_iklim_harian-desember-2024.xlsx
2024-12-02,23.9,29.8,26.6,87.0,0.0,laporan_iklim_harian-desember-2024.xlsx
2024-12-03,24.0,31.3,27.4,83.0,1.4,laporan_iklim_harian-desember-2024.xlsx
2024-12-04,24.2,32.1,27.2,79.0,0.0,laporan_iklim_harian-desember-2024.xlsx
2024-12-05,22.4,32.2,27.2,75.0,8888.0,laporan_iklim_harian-desember-2024.xlsx
2024-12-06,22.7,33.5,28.4,73.0,0.0,laporan_iklim_harian-desember-2024.xlsx
2024-12-07,24.0,33.3,28.3,74.0,2.0,laporan_iklim_harian-desember-2024.xlsx
2024-12-08,24.3,34.3,28.7,70.0,0.0,laporan_iklim_harian-desember-2024.xlsx
2024-12-09,23.8,31.4,26.8,79.0,0.0,laporan_iklim_harian-desember-2024.xlsx
2024-12-10,23.8,33.7,28.0,78.0,0.0,laporan_iklim_harian-desember-2024.xlsx
2024-12-11,24.5,33.2,28.3,78.0,0.0,laporan_iklim_harian-desember-2024.xlsx
2024-12-12,23.2,33.3,26.3,86.0,11.5,laporan_iklim_harian-desember-2024.xlsx
2024-12-13,23.5,31.2,26.8,85.0,10.5,laporan_iklim_harian-desember-2024.xlsx
2024-12-14,24.0,33.9,28.4,76.0,0.0,laporan_iklim_harian-desember-2024.xlsx
2024-12-15,24.2,33.6,28.6,79.0,0.0,laporan_iklim_harian-desember-2024.xlsx
2024-12-16,25.2,34.8,28.7,79.0,0.0,laporan_iklim_harian-desember-2024.xlsx
2024-12-17,23.8,33.3,27.7,86.0,4.0,laporan_iklim_harian-desember-2024.xlsx
2024-12-18,22.9,31.7,26.0,89.0,25.5,laporan_iklim_harian-desember-2024.xlsx
2024-12-19,22.6,32.5,26.1,86.0,64.9,laporan_iklim_harian-desember-2024.xlsx
2024-12-20,22.9,32.0,25.7,90.0,3.5,laporan_iklim_harian-desember-2024.xlsx
2024-12-21,23.3,32.9,27.6,82.0,12.4,laporan_iklim_harian-desember-2024.xlsx
2024-12-22,23.2,31.9,27.1,85.0,21.0,laporan_iklim_harian-desember-2024.xlsx
2024-12-23,23.6,29.0,25.6,94.0,38.5,laporan_iklim_harian-desember-2024.xlsx
2024-12-24,24.0,32.4,27.3,86.0,6.0,laporan_iklim_harian-desember-2024.xlsx
2024-12-25,23.9,31.0,26.4,87.0,1.0,laporan_iklim_harian-desember-2024.xlsx
2024-12-26,24.3,31.5,27.1,86.0,8888.0,laporan_iklim_harian-desember-2024.xlsx
2024-12-27,24.2,33.3,28.3,81.0,8888.0,laporan_iklim_harian-desember-2024.xlsx
2024-12-28,24.8,32.0,27.5,83.0,4.0,laporan_iklim_harian-desember-2024.xlsx
2024-12-29,24.2,32.0,27.7,84.0,8.2,laporan_iklim_harian-desember-2024.xlsx
2024-12-30,22.0,32.0,25.9,87.0,52.7,laporan_iklim_harian-desember-2024.xlsx
2024-12-31,23.0,33.2,27.4,84.0,0.7,laporan_iklim_harian-desember-2024.xlsx
2025-01-01,24.2,33.5,28.0,81.0,0.0,laporan_iklim_harian-januari-2025.xlsx
2025-01-02,24.7,32.9,28.0,82.0,18.0,laporan_iklim_harian-januari-2025.xlsx
2025-01-03,24.7,31.5,26.9,86.0,10.9,laporan_iklim_harian-januari-2025.xlsx
2025-01-04,24.4,31.4,26.6,89.0,0.0,laporan_iklim_harian-januari-2025.xlsx
2025-01-05,24.5,31.4,27.3,84.0,8888.0,laporan_iklim_harian-januari-2025.xlsx
2025-01-06,24.6,32.5,27.3,83.0,0.0,laporan_iklim_harian-januari-2025.xlsx
2025-01-07,23.2,32.7,25.7,89.0,19.0,laporan_iklim_harian-januari-2025.xlsx
2025-01-08,21.8,32.5,26.4,84.0,43.5,laporan_iklim_harian-januari-2025.xlsx
2025-01-09,22.4,30.6,26.1,90.0,0.2,laporan_iklim_harian-januari-2025.xlsx
2025-01-10,22.8,30.4,26.3,86.0,14.8,laporan_iklim_harian-januari-2025.xlsx
2025-01-11,23.0,27.0,24.1,95.0,0.1,laporan_iklim_harian-januari-2025.xlsx
2025-01-12,23.0,26.2,24.0,97.0,10.0,laporan_iklim_harian-januari-2025.xlsx
2025-01-13,22.9,27.9,25.1,90.0,24.7,laporan_iklim_harian-januari-2025.xlsx
2025-01-14,23.2,29.4,25.5,92.0,8888.0,laporan_iklim_harian-januari-2025.xlsx
2025-01-15,23.0,28.9,25.7,91.0,72.6,laporan_iklim_harian-januari-2025.xlsx
2025-01-16,23.7,29.4,25.6,92.0,8888.0,laporan_iklim_harian-januari-2025.xlsx
2025-01-17,23.2,30.0,26.0,87.0,52.6,laporan_iklim_harian-januari-2025.xlsx
2025-01-18,23.4,29.1,25.0,95.0,24.2,laporan_iklim_harian-januari-2025.xlsx
2025-01-19,23.0,29.5,26.0,89.0,26.1,laporan_iklim_harian-januari-2025.xlsx
2025-01-20,23.8,29.6,26.3,88.0,1.4,laporan_iklim_harian-januari-2025.xlsx
2025-01-21,24.4,30.8,26.8,83.0,0.0,laporan_iklim_harian-januari-2025.xlsx
2025-01-22,23.8,29.6,25.9,90.0,0.0,laporan_iklim_harian-januari-2025.xlsx
2025-01-23,23.9,31.1,26.5,88.0,3.2,laporan_iklim_harian-januari-2025.xlsx
2025-01-24,23.8,31.4,27.1,84.0,0.0,laporan_iklim_harian-januari-2025.xlsx
2025-01-25,23.7,31.3,25.5,93.0,82.4,laporan_iklim_harian-januari-2025.xlsx
2025-01-26,22.8,30.8,26.3,87.0,67.8,laporan_iklim_harian-januari-2025.xlsx
2025-01-27,23.2,29.4,25.6,92.0,8888.0,laporan_iklim_harian-januari-2025.xlsx
2025-01-28,22.9,26.0,23.8,97.0,30.1,laporan_iklim_harian-januari-2025.xlsx
2025-01-29,22.6,30.5,25.3,88.0,7.2,laporan_iklim_harian-januari-2025.xlsx
2025-01-30,21.6,30.1,25.4,84.0,0.0,laporan_iklim_harian-januari-2025.xlsx
2025-01-31,22.6,31.4,26.2,84.0,7.0,laporan_iklim_harian-januari-2025.xlsx
2025-02-01,21.0,32.8,26.4,80.0,16.0,laporan_iklim_harian-februari-2025.xlsx
2025-02-02,21.7,33.2,27.8,81.0,0.0,laporan_iklim_harian-februari-2025.xlsx
2025-02-03,24.4,33.1,28.2,78.0,0.3,laporan_iklim_harian-februari-2025.xlsx
2025-02-04,24.2,32.2,27.4,76.0,5.0,laporan_iklim_harian-februari-2025.xlsx
2025-02-05,24.0,28.8,26.2,84.0,0.0,laporan_iklim_harian-februari-2025.xlsx
2025-02-06,23.0,30.4,26.3,82.0,2.5,laporan_iklim_harian-februari-2025.xlsx
2025-02-07,23.1,33.5,26.8,79.0,0.0,laporan_iklim_harian-februari-2025.xlsx
2025-02-08,23.2,30.0,25.5,86.0,0.2,laporan_iklim_harian-februari-2025.xlsx
2025-02-09,22.8,30.5,26.2,83.0,3.5,laporan_iklim_harian-februari-2025.xlsx
2025-02-10,22.6,31.2,26.1,82.0,1.2,laporan_iklim_harian-februari-2025.xlsx
2025-02-11,22.7,32.2,27.1,75.0,0.0,laporan_iklim_harian-februari-2025.xlsx
2025-02-12,23.7,33.7,27.7,78.0,0.0,laporan_iklim_harian-februari-2025.xlsx
2025-02-13,23.8,32.5,27.8,82.0,0.0,laporan_iklim_harian-februari-2025.xlsx
2025-02-14,25.0,30.8,27.1,86.0,0.0,laporan_iklim_harian-februari-2025.xlsx
2025-02-15,23.8,32.6,27.3,81.0,28.0,laporan_iklim_harian-februari-2025.xlsx
2025-02-16,24.1,31.2,27.1,85.0,17.6,laporan_iklim_harian-februari-2025.xlsx
2025-02-17,23.4,33.5,26.8,84.0,0.0,laporan_iklim_harian-februari-2025.xlsx
2025-02-18,23.2,31.2,26.8,85.0,17.0,laporan_iklim_harian-februari-2025.xlsx
2025-02-19,21.8,30.6,24.7,91.0,50.0,laporan_iklim_harian-februari-2025.xlsx
2025-02-20,22.3,32.3,27.6,81.0,8888.0,laporan_iklim_harian-februari-2025.xlsx
2025-02-21,24.0,32.0,27.2,83.0,8888.0,laporan_iklim_harian-februari-2025.xlsx
2025-02-22,24.7,30.4,26.4,88.0,1.2,laporan_iklim_harian-februari-2025.xlsx
2025-02-23,23.4,29.7,25.4,93.0,14.4,laporan_iklim_harian-februari-2025.xlsx
2025-02-24,22.6,29.4,25.1,91.0,110.2,laporan_iklim_harian-februari-2025.xlsx
2025-02-25,22.5,31.5,26.2,88.0,11.8,laporan_iklim_harian-februari-2025.xlsx
2025-02-26,23.6,30.1,25.8,92.0,8888.0,laporan_iklim_harian-februari-2025.xlsx
2025-02-27,23.6,29.9,25.5,94.0,115.8,laporan_iklim_harian-februari-2025.xlsx
2025-02-28,23.6,31.7,26.1,89.0,43.6,laporan_iklim_harian-februari-2025.xlsx
2025-03-01,23.8,33.3,27.6,85.0,1.8,laporan_iklim_harian-maret-2025.xlsx
2025-03-02,24.6,33.5,28.4,80.0,0.3,laporan_iklim_harian-maret-2025.xlsx
2025-03-03,24.2,33.6,27.8,83.0,0.0,laporan_iklim_harian-maret-2025.xlsx
2025-03-04,25.0,30.8,26.7,89.0,8888.0,laporan_iklim_harian-maret-2025.xlsx
2025-03-05,22.6,33.7,27.1,86.0,4.1,laporan_iklim_harian-maret-2025.xlsx
2025-03-06,23.0,29.5,26.1,87.0,26.2,laporan_iklim_harian-maret-2025.xlsx
2025-03-07,23.8,33.0,27.9,82.0,0.2,laporan_iklim_harian-maret-2025.xlsx
2025-03-08,24.5,32.6,28.0,81.0,1.8,laporan_iklim_harian-maret-2025.xlsx
2025-03-09,22.0,30.5,25.9,87.0,10.3,laporan_iklim_harian-maret-2025.xlsx
2025-03-10,23.0,32.8,27.9,84.0,5.3,laporan_iklim_harian-maret-2025.xlsx
2025-03-11,24.6,30.1,26.5,89.0,0.0,laporan_iklim_harian-maret-2025.xlsx
2025-03-12,24.6,29.5,26.2,91.0,5.7,laporan_iklim_harian-maret-2025.xlsx
2025-03-13,24.2,33.0,27.6,84.0,15.3,laporan_iklim_harian-maret-2025.xlsx
2025-03-14,23.4,28.8,25.5,94.0,27.1,laporan_iklim_harian-maret-2025.xlsx
2025-03-15,23.7,32.2,27.6,82.0,2.4,laporan_iklim_harian-maret-2025.xlsx
2025-03-16,24.7,33.0,28.5,84.0,8888.0,laporan_iklim_harian-maret-2025.xlsx
2025-03-17,22.8,30.1,26.2,87.0,22.9,laporan_iklim_harian-maret-2025.xlsx
2025-03-18,23.4,32.0,27.6,81.0,0.4,laporan_iklim_harian-maret-2025.xlsx
2025-03-19,25.0,29.2,26.6,86.0,0.0,laporan_iklim_harian-maret-2025.xlsx
2025-03-20,23.2,27.0,24.6,91.0,4.7,laporan_iklim_harian-maret-2025.xlsx
2025-03-21,23.1,30.0,25.4,88.0,0.2,laporan_iklim_harian-maret-2025.xlsx
2025-03-22,23.7,27.7,25.1,94.0,7.6,laporan_iklim_harian-maret-2025.xlsx
2025-03-23,23.2,29.0,26.0,90.0,64.9,laporan_iklim_harian-maret-2025.xlsx
2025-03-24,23.4,32.6,27.3,86.0,1.5,laporan_iklim_harian-maret-2025.xlsx
2025-03-25,24.0,33.7,28.3,82.0,15.0,laporan_iklim_harian-maret-2025.xlsx
2025-03-26,24.2,34.4,29.3,80.0,8.0,laporan_iklim_harian-maret-2025.xlsx
2025-03-27,24.4,34.8,27.4,87.0,8888.0,laporan_iklim_harian-maret-2025.xlsx
2025-03-28,24.5,33.1,27.3,81.0,1.7,laporan_iklim_harian-maret-2025.xlsx
2025-03-29,23.4,34.1,28.9,72.0,9.2,laporan_iklim_harian-maret-2025.xlsx
2025-03-30,24.4,33.1,28.3,80.0,0.0,laporan_iklim_harian-maret-2025.xlsx
2025-03-31,23.2,32.6,27.4,79.0,19.2,laporan_iklim_harian-maret-2025.xlsx
2025-04-01,24.1,35.1,28.7,74.0,0.1,laporan_iklim_harian-april-2025.xlsx
2025-04-02,22.6,31.4,26.1,88.0,62.0,laporan_iklim_harian-april-2025.xlsx
2025-04-03,23.1,32.8,27.7,79.0,8888.0,laporan_iklim_harian-april-2025.xlsx
2025-04-04,23.6,31.9,27.5,78.0,8.0,laporan_iklim_harian-april-2025.xlsx
2025-04-05,23.3,28.7,25.3,90.0,44.2,laporan_iklim_harian-april-2025.xlsx
2025-04-06,23.5,32.1,26.3,88.0,0.5,laporan_iklim_harian-april-2025.xlsx
2025-04-07,24.4,30.5,25.6,90.0,18.7,laporan_iklim_harian-april-2025.xlsx
2025-04-08,24.4,30.5,26.8,87.0,29.1,laporan_iklim_harian-april-2025.xlsx
2025-04-09,24.2,29.8,26.3,92.0,0.5,laporan_iklim_harian-april-2025.xlsx
2025-04-10,23.0,33.3,27.8,80.0,4.0,laporan_iklim_harian-april-2025.xlsx
2025-04-11,22.4,29.4,26.6,87.0,2.0,laporan_iklim_harian-april-2025.xlsx
2025-04-12,24.9,31.9,27.9,80.0,2.2,laporan_iklim_harian-april-2025.xlsx
2025-04-13,23.6,32.5,27.3,81.0,0.0,laporan_iklim_harian-april-2025.xlsx
2025-04-14,24.0,35.0,28.8,76.0,0.0,laporan_iklim_harian-april-2025.xlsx
2025-04-15,23.7,32.9,27.8,80.0,29.5,laporan_iklim_harian-april-2025.xlsx
2025-04-16,22.8,34.5,27.5,81.0,3.1,laporan_iklim_harian-april-2025.xlsx
2025-04-17,24.0,33.5,28.4,76.0,11.3,laporan_iklim_harian-april-2025.xlsx
2025-04-18,24.4,34.9,28.8,70.0,0.0,laporan_iklim_harian-april-2025.xlsx
2025-04-19,24.2,32.4,27.0,84.0,0.0,laporan_iklim_harian-april-2025.xlsx
2025-04-20,24.2,33.1,28.5,76.0,0.1,laporan_iklim_harian-april-2025.xlsx
2025-04-21,24.3,32.8,27.8,81.0,0.0,laporan_iklim_harian-april-2025.xlsx
2025-04-22,24.8,34.3,28.4,80.0,0.0,laporan_iklim_harian-april-2025.xlsx
2025-04-23,23.0,30.6,26.3,87.0,82.7,laporan_iklim_harian-april-2025.xlsx
2025-04-24,23.0,33.0,28.2,75.0,0.0,laporan_iklim_harian-april-2025.xlsx
2025-04-25,23.8,33.2,27.9,83.0,20.5,laporan_iklim_harian-april-2025.xlsx
2025-04-26,23.3,30.3,26.2,86.0,17.5,laporan_iklim_harian-april-2025.xlsx
2025-04-27,23.6,33.4,28.2,82.0,2.0,laporan_iklim_harian-april-2025.xlsx
2025-04-28,24.1,33.0,27.3,87.0,0.0,laporan_iklim_harian-april-2025.xlsx
2025-04-29,23.0,32.4,27.3,82.0,45.0,laporan_iklim_harian-april-2025.xlsx
2025-04-30,23.4,32.4,26.4,87.0,8888.0,laporan_iklim_harian-april-2025.xlsx
2025-05-01,24.3,33.6,27.9,85.0,3.5,laporan_iklim_harian-mei-2025.xlsx
2025-05-02,22.8,32.0,27.5,84.0,16.8,laporan_iklim_harian-mei-2025.xlsx
2025-05-03,22.0,34.0,26.9,78.0,7.6,laporan_iklim_harian-mei-2025.xlsx
2025-05-04,22.6,32.4,26.7,87.0,2.1,laporan_iklim_harian-mei-2025.xlsx
2025-05-05,24.5,32.9,28.2,84.0,21.2,laporan_iklim_harian-mei-2025.xlsx
2025-05-06,24.7,34.0,29.0,80.0,0.0,laporan_iklim_harian-mei-2025.xlsx
2025-05-07,24.9,33.4,28.6,83.0,0.0,laporan_iklim_harian-mei-2025.xlsx
2025-05-08,24.3,33.6,27.8,85.0,8888.0,laporan_iklim_harian-mei-2025.xlsx
2025-05-09,23.5,33.2,28.2,80.0,17.0,laporan_iklim_harian-mei-2025.xlsx
2025-05-10,24.2,35.7,29.1,78.0,0.0,laporan_iklim_harian-mei-2025.xlsx
2025-05-11,25.2,33.8,28.8,75.0,0.0,laporan_iklim_harian-mei-2025.xlsx
2025-05-12,24.1,34.2,28.6,78.0,0.0,laporan_iklim_harian-mei-2025.xlsx
2025-05-13,24.0,35.3,29.8,73.0,0.0,laporan_iklim_harian-mei-2025.xlsx
2025-05-14,22.6,33.7,26.7,84.0,7.0,laporan_iklim_harian-mei-2025.xlsx
2025-05-15,22.7,33.8,26.9,83.0,2.7,laporan_iklim_harian-mei-2025.xlsx
2025-05-16,24.1,33.2,27.7,81.0,12.4,laporan_iklim_harian-mei-2025.xlsx
2025-05-17,24.3,35.2,29.1,78.0,0.0,laporan_iklim_harian-mei-2025.xlsx
2025-05-18,25.0,9999.0,26.2,92.0,0.0,laporan_iklim_harian-mei-2025.xlsx
2025-05-19,23.2,33.4,27.2,85.0,44.0,laporan_iklim_harian-mei-2025.xlsx
2025-05-20,23.8,32.0,28.0,83.0,1.0,laporan_iklim_harian-mei-2025.xlsx
2025-05-21,25.1,33.0,28.3,86.0,4.7,laporan_iklim_harian-mei-2025.xlsx
2025-05-22,24.0,34.2,28.3,78.0,0.0,laporan_iklim_harian-mei-2025.xlsx
2025-05-23,23.8,34.6,28.8,77.0,8888.0,laporan_iklim_harian-mei-2025.xlsx
2025-05-24,24.5,35.8,29.4,74.0,0.0,laporan_iklim_harian-mei-2025.xlsx
2025-05-25,24.5,34.3,28.2,79.0,8888.0,laporan_iklim_harian-mei-2025.xlsx
2025-05-26,23.0,36.0,29.2,71.0,0.0,laporan_iklim_harian-mei-2025.xlsx
2025-05-27,25.0,34.8,29.2,71.0,0.0,laporan_iklim_harian-mei-2025.xlsx
2025-05-28,22.5,34.2,27.6,80.0,28.6,laporan_iklim_harian-mei-2025.xlsx
2025-05-29,23.0,32.5,27.1,81.0,0.0,laporan_iklim_harian-mei-2025.xlsx
2025-05-30,23.8,33.8,28.8,84.0,0.0,laporan_iklim_harian-mei-2025.xlsx
2025-05-31,23.2,29.3,24.5,96.0,35.8,laporan_iklim_harian-mei-2025.xlsx
2025-06-01,21.2,35.9,28.1,77.0,69.8,laporan_iklim_harian-juni-2025.xlsx
2025-06-02,23.3,34.4,28.7,74.0,0.0,laporan_iklim_harian-juni-2025.xlsx
2025-06-03,24.4,33.8,28.1,79.0,28.0,laporan_iklim_harian-juni-2025.xlsx
2025-06-04,23.8,32.5,27.6,83.0,1.0,laporan_iklim_harian-juni-2025.xlsx
2025-06-05,23.4,33.0,27.3,83.0,30.0,laporan_iklim_harian-juni-2025.xlsx
2025-06-06,23.0,33.2,26.4,86.0,36.6,laporan_iklim_harian-juni-2025.xlsx
2025-06-07,23.0,34.5,28.8,79.0,8888.0,laporan_iklim_harian-juni-2025.xlsx
2025-06-08,23.8,34.0,28.2,78.0,0.0,laporan_iklim_harian-juni-2025.xlsx
2025-06-09,24.4,33.6,29.1,78.0,0.0,laporan_iklim_harian-juni-2025.xlsx
2025-06-10,23.0,33.0,26.3,85.0,40.8,laporan_iklim_harian-juni-2025.xlsx
2025-06-11,22.5,33.2,27.4,76.0,0.0,laporan_iklim_harian-juni-2025.xlsx
2025-06-12,23.7,34.0,28.6,80.0,0.0,laporan_iklim_harian-juni-2025.xlsx
2025-06-13,24.4,34.0,28.7,80.0,0.0,laporan_iklim_harian-juni-2025.xlsx
2025-06-14,25.0,33.0,28.6,78.0,0.0,laporan_iklim_harian-juni-2025.xlsx
2025-06-15,24.4,34.0,28.6,80.0,0.0,laporan_iklim_harian-juni-2025.xlsx
2025-06-16,24.6,32.8,26.3,88.0,8888.0,laporan_iklim_harian-juni-2025.xlsx
2025-06-17,23.1,31.8,26.8,83.0,57.2,laporan_iklim_harian-juni-2025.xlsx
2025-06-18,24.0,32.8,28.1,79.0,0.2,laporan_iklim_harian-juni-2025.xlsx
2025-06-19,24.2,32.5,28.1,76.0,0.0,laporan_iklim_harian-juni-2025.xlsx
2025-06-20,24.5,34.4,28.4,75.0,0.0,laporan_iklim_harian-juni-2025.xlsx
2025-06-21,23.4,35.0,28.0,78.0,0.0,laporan_iklim_harian-juni-2025.xlsx
2025-06-22,23.2,34.2,28.4,73.0,0.0,laporan_iklim_harian-juni-2025.xlsx
2025-06-23,23.0,32.6,27.5,80.0,3.0,laporan_iklim_harian-juni-2025.xlsx
2025-06-24,23.9,34.5,29.1,72.0,0.0,laporan_iklim_harian-juni-2025.xlsx
2025-06-25,24.6,33.9,28.6,74.0,0.0,laporan_iklim_harian-juni-2025.xlsx
2025-06-26,25.1,34.6,29.0,75.0,0.0,laporan_iklim_harian-juni-2025.xlsx
2025-06-27,25.4,35.0,29.3,76.0,0.0,laporan_iklim_harian-juni-2025.xlsx
2025-06-28,23.2,33.0,26.9,75.0,0.0,laporan_iklim_harian-juni-2025.xlsx
2025-06-29,22.3,32.0,26.9,77.0,7.0,laporan_iklim_harian-juni-2025.xlsx
2025-06-30,22.6,33.3,28.0,78.0,0.0,laporan_iklim_harian-juni-2025.xlsx
2025-07-01,24.4,35.0,28.7,76.0,0.0,laporan_iklim_harian-juli-2025.xlsx
2025-07-02,24.4,32.6,27.5,81.0,8888.0,laporan_iklim_harian-juli-2025.xlsx
2025-07-03,24.7,33.0,28.6,82.0,0.0,laporan_iklim_harian-juli-2025.xlsx
2025-07-04,23.8,31.9,26.3,88.0,0.0,laporan_iklim_harian-juli-2025.xlsx
2025-07-05,23.5,30.1,25.8,91.0,3.7,laporan_iklim_harian-juli-2025.xlsx
2025-07-06,23.6,34.9,26.9,81.0,0.0,laporan_iklim_harian-juli-2025.xlsx
2025-07-07,23.2,34.2,26.8,78.0,0.0,laporan_iklim_harian-juli-2025.xlsx
2025-07-08,23.1,34.0,27.9,76.0,0.0,laporan_iklim_harian-juli-2025.xlsx
2025-07-09,22.4,32.7,27.5,76.0,0.0,laporan_iklim_harian-juli-2025.xlsx
2025-07-10,23.6,35.2,29.1,68.0,0.0,laporan_iklim_harian-juli-2025.xlsx
2025-07-11,24.9,34.6,28.5,71.0,0.0,laporan_iklim_harian-juli-2025.xlsx
2025-07-12,25.0,34.0,27.6,82.0,0.8,laporan_iklim_harian-juli-2025.xlsx
2025-07-13,24.6,32.7,27.9,81.0,8888.0,laporan_iklim_harian-juli-2025.xlsx
2025-07-14,22.8,33.0,26.5,82.0,0.0,laporan_iklim_harian-juli-2025.xlsx
2025-07-15,23.3,32.9,27.5,76.0,13.5,laporan_iklim_harian-juli-2025.xlsx
2025-07-16,23.4,34.8,28.7,73.0,0.0,laporan_iklim_harian-juli-2025.xlsx
2025-07-17,23.6,34.9,28.5,67.0,0.0,laporan_iklim_harian-juli-2025.xlsx
2025-07-18,23.2,37.0,29.0,69.0,0.0,laporan_iklim_harian-juli-2025.xlsx
2025-07-19,22.9,35.7,28.9,67.0,0.0,laporan_iklim_harian-juli-2025.xlsx
2025-07-20,22.7,35.6,28.4,67.0,0.0,laporan_iklim_harian-juli-2025.xlsx
2025-07-21,24.6,34.4,29.3,70.0,0.0,laporan_iklim_harian-juli-2025.xlsx
2025-07-22,25.2,32.8,28.7,77.0,0.0,laporan_iklim_harian-juli-2025.xlsx
2025-07-23,23.6,34.5,27.6,79.0,0.0,laporan_iklim_harian-juli-2025.xlsx
2025-07-24,24.1,34.5,28.9,76.0,8888.0,laporan_iklim_harian-juli-2025.xlsx
2025-07-25,25.4,33.8,27.3,83.0,0.0,laporan_iklim_harian-juli-2025.xlsx
2025-07-26,23.8,33.8,27.0,84.0,2.7,laporan_iklim_harian-juli-2025.xlsx
2025-07-27,23.9,34.3,28.0,79.0,0.0,laporan_iklim_harian-juli-2025.xlsx
2025-07-28,23.6,33.6,28.0,81.0,9.6,laporan_iklim_harian-juli-2025.xlsx
2025-07-29,24.2,34.8,29.2,78.0,0.2,laporan_iklim_harian-juli-2025.xlsx
2025-07-30,24.8,31.9,26.7,87.0,35.6,laporan_iklim_harian-juli-2025.xlsx
2025-07-31,22.8,33.2,27.5,80.0,0.3,laporan_iklim_harian-juli-2025.xlsx
2025-08-01,24.0,34.2,27.2,82.0,0.0,laporan_iklim_harian-agustus-2025.xlsx
2025-08-02,23.9,34.6,28.2,76.0,50.0,laporan_iklim_harian-agustus-2025.xlsx
2025-08-03,24.8,34.0,29.2,70.0,0.0,laporan_iklim_harian-agustus-2025.xlsx
2025-08-04,25.6,32.0,27.8,83.0,0.0,laporan_iklim_harian-agustus-2025.xlsx
2025-08-05,20.6,33.3,26.6,78.0,32.5,laporan_iklim_harian-agustus-2025.xlsx
2025-08-06,21.8,34.9,28.9,72.0,0.0,laporan_iklim_harian-agustus-2025.xlsx
2025-08-07,23.4,33.0,28.5,76.0,0.0,laporan_iklim_harian-agustus-2025.xlsx
2025-08-08,24.1,34.0,27.5,82.0,10.5,laporan_iklim_harian-agustus-2025.xlsx
2025-08-09,22.6,34.0,27.6,78.0,1.2,laporan_iklim_harian-agustus-2025.xlsx
2025-08-10,23.0,32.7,25.9,87.0,0.0,laporan_iklim_harian-agustus-2025.xlsx
2025-08-11,23.0,31.0,25.9,86.0,6.6,laporan_iklim_harian-agustus-2025.xlsx
2025-08-12,22.9,34.2,26.5,76.0,8888.0,laporan_iklim_harian-agustus-2025.xlsx
2025-08-13,22.0,34.8,26.0,85.0,8.2,laporan_iklim_harian-agustus-2025.xlsx
2025-08-14,21.8,32.8,27.1,78.0,7.3,laporan_iklim_harian-agustus-2025.xlsx
2025-08-15,22.3,31.3,25.9,82.0,0.0,laporan_iklim_harian-agustus-2025.xlsx
2025-08-16,23.5,33.2,26.7,81.0,0.0,laporan_iklim_harian-agustus-2025.xlsx
2025-08-17,22.6,33.5,27.2,81.0,0.0,laporan_iklim_harian-agustus-2025.xlsx
2025-08-18,22.5,32.9,28.0,77.0,0.0,laporan_iklim_harian-agustus-2025.xlsx
2025-08-19,24.4,33.0,26.3,85.0,0.0,laporan_iklim_harian-agustus-2025.xlsx
2025-08-20,22.2,32.5,27.3,76.0,1.8,laporan_iklim_harian-agustus-2025.xlsx
2025-08-21,23.3,32.5,27.6,77.0,0.0,laporan_iklim_harian-agustus-2025.xlsx
2025-08-22,22.4,35.2,28.2,74.0,0.0,laporan_iklim_harian-agustus-2025.xlsx
2025-08-23,22.1,34.0,27.0,75.0,18.0,laporan_iklim_harian-agustus-2025.xlsx
2025-08-24,22.3,29.8,25.9,80.0,0.0,laporan_iklim_harian-agustus-2025.xlsx
2025-08-25,23.0,34.9,26.3,84.0,0.0,laporan_iklim_harian-agustus-2025.xlsx
2025-08-26,22.2,36.0,28.0,75.0,24.5,laporan_iklim_harian-agustus-2025.xlsx
2025-08-27,25.3,35.8,29.1,74.0,0.0,laporan_iklim_harian-agustus-2025.xlsx
2025-08-28,24.0,31.9,27.4,79.0,0.0,laporan_iklim_harian-agustus-2025.xlsx
2025-08-29,23.8,34.9,27.7,77.0,0.0,laporan_iklim_harian-agustus-2025.xlsx
2025-08-30,22.8,35.0,26.9,81.0,12.5,laporan_iklim_harian-agustus-2025.xlsx
2025-08-31,23.0,34.5,28.6,71.0,0.0,laporan_iklim_harian-agustus-2025.xlsx
2025-09-01,23.4,32.0,25.9,88.0,13.6,laporan_iklim_harian-september-2025.xlsx
2025-09-02,22.5,28.0,24.9,90.0,35.8,laporan_iklim_harian-september-2025.xlsx
2025-09-03,22.9,32.4,27.8,81.0,0.0,laporan_iklim_harian-september-2025.xlsx
2025-09-04,21.4,32.0,26.5,83.0,22.8,laporan_iklim_harian-september-2025.xlsx
2025-09-05,22.2,32.1,26.2,82.0,1.5,laporan_iklim_harian-september-2025.xlsx
2025-09-06,22.4,34.6,27.8,74.0,0.0,laporan_iklim_harian-september-2025.xlsx
2025-09-07,21.9,30.8,26.1,86.0,16.4,laporan_iklim_harian-september-2025.xlsx
2025-09-08,23.3,34.5,28.4,77.0,0.0,laporan_iklim_harian-september-2025.xlsx
2025-09-09,23.6,31.0,26.2,84.0,8888.0,laporan_iklim_harian-september-2025.xlsx
2025-09-10,23.2,33.5,28.2,78.0,0.0,laporan_iklim_harian-september-2025.xlsx
2025-09-11,22.0,30.0,25.4,88.0,84.0,laporan_iklim_harian-september-2025.xlsx
2025-09-12,20.2,30.0,25.6,80.0,18.6,laporan_iklim_harian-september-2025.xlsx
2025-09-13,21.8,29.3,26.2,88.0,1.6,laporan_iklim_harian-september-2025.xlsx
2025-09-14,24.0,34.4,28.5,77.0,0.6,laporan_iklim_harian-september-2025.xlsx
2025-09-15,23.1,32.2,27.0,81.0,2.2,laporan_iklim_harian-september-2025.xlsx
2025-09-16,22.1,33.7,26.6,82.0,18.5,laporan_iklim_harian-september-2025.xlsx
2025-09-17,23.0,29.8,26.3,85.0,2.7,laporan_iklim_harian-september-2025.xlsx
2025-09-18,22.8,33.6,28.3,80.0,8888.0,laporan_iklim_harian-september-2025.xlsx
2025-09-19,23.3,32.6,27.4,77.0,0.0,laporan_iklim_harian-september-2025.xlsx
2025-09-20,23.8,34.5,27.1,87.0,0.0,laporan_iklim_harian-september-2025.xlsx
2025-09-21,22.9,34.3,27.5,81.0,2.1,laporan_iklim_harian-september-2025.xlsx
2025-09-22,24.6,34.7,27.6,82.0,0.0,laporan_iklim_harian-september-2025.xlsx
2025-09-23,22.6,33.8,28.1,78.0,0.0,laporan_iklim_harian-september-2025.xlsx
2025-09-24,23.7,33.4,27.3,76.0,0.0,laporan_iklim_harian-september-2025.xlsx
2025-09-25,23.0,34.0,26.8,84.0,3.8,laporan_iklim_harian-september-2025.xlsx
2025-09-26,23.6,34.0,28.1,78.0,1.4,laporan_iklim_harian-september-2025.xlsx
2025-09-27,24.8,29.4,25.9,91.0,8888.0,laporan_iklim_harian-september-2025.xlsx
2025-09-28,23.8,30.2,26.1,86.0,3.0,laporan_iklim_harian-september-2025.xlsx
2025-09-29,22.7,30.4,25.5,88.0,15.4,laporan_iklim_harian-september-2025.xlsx
2025-09-30,23.3,33.4,28.6,76.0,0.0,laporan_iklim_harian-september-2025.xlsx
2025-10-01,24.8,31.1,26.7,83.0,0.0,laporan_iklim_harian-oktober-2025.xlsx
2025-10-02,22.0,33.4,27.4,82.0,5.5,laporan_iklim_harian-oktober-2025.xlsx
2025-10-03,22.4,32.3,26.1,78.0,8888.0,laporan_iklim_harian-oktober-2025.xlsx
2025-10-04,20.8,34.3,27.2,78.0,10.1,laporan_iklim_harian-oktober-2025.xlsx
2025-10-05,22.5,31.4,25.2,92.0,0.0,laporan_iklim_harian-oktober-2025.xlsx
2025-10-06,22.0,32.0,26.9,82.0,15.8,laporan_iklim_harian-oktober-2025.xlsx
2025-10-07,22.4,32.4,26.6,80.0,0.8,laporan_iklim_harian-oktober-2025.xlsx
2025-10-08,22.2,33.5,27.1,78.0,17.5,laporan_iklim_harian-oktober-2025.xlsx
2025-10-09,22.4,30.5,26.9,83.0,0.0,laporan_iklim_harian-oktober-2025.xlsx
2025-10-10,23.6,31.6,27.1,85.0,0.0,laporan_iklim_harian-oktober-2025.xlsx
2025-10-11,23.5,36.0,29.4,69.0,0.0,laporan_iklim_harian-oktober-2025.xlsx
2025-10-12,23.2,31.5,25.0,93.0,7.8,laporan_iklim_harian-oktober-2025.xlsx
2025-10-13,22.6,32.6,27.0,81.0,13.9,laporan_iklim_harian-oktober-2025.xlsx
2025-10-14,23.2,34.0,27.1,84.0,0.0,laporan_iklim_harian-oktober-2025.xlsx
2025-10-15,22.6,33.9,27.1,83.0,1.2,laporan_iklim_harian-oktober-2025.xlsx
2025-10-16,23.2,32.9,26.8,86.0,0.4,laporan_iklim_harian-oktober-2025.xlsx
2025-10-17,24.0,32.9,27.5,82.0,55.6,laporan_iklim_harian-oktober-2025.xlsx
2025-10-18,23.2,34.4,28.3,74.0,0.0,laporan_iklim_harian-oktober-2025.xlsx
2025-10-19,23.3,31.5,27.0,84.0,18.9,laporan_iklim_harian-oktober-2025.xlsx
2025-10-20,22.6,31.4,26.9,86.0,0.2,laporan_iklim_harian-oktober-2025.xlsx
2025-10-21,24.0,33.6,27.3,83.0,0.9,laporan_iklim_harian-oktober-2025.xlsx
2025-10-22,23.2,32.0,27.6,81.0,0.0,laporan_iklim_harian-oktober-2025.xlsx
2025-10-23,24.6,32.8,28.2,73.0,0.0,laporan_iklim_harian-oktober-2025.xlsx
2025-10-24,25.0,34.6,27.8,77.0,0.0,laporan_iklim_harian-oktober-2025.xlsx
2025-10-25,22.5,34.8,28.6,71.0,0.2,laporan_iklim_harian-oktober-2025.xlsx
2025-10-26,23.0,35.7,29.0,66.0,0.0,laporan_iklim_harian-oktober-2025.xlsx
2025-10-27,24.0,34.8,29.5,71.0,0.0,laporan_iklim_harian-oktober-2025.xlsx
2025-10-28,25.2,36.4,29.9,64.0,0.0,laporan_iklim_harian-oktober-2025.xlsx
2025-10-29,24.6,33.0,27.8,69.0,0.0,laporan_iklim_harian-oktober-2025.xlsx
2025-10-30,23.2,37.0,29.5,63.0,0.0,laporan_iklim_harian-oktober-2025.xlsx
2025-10-31,23.4,35.4,29.2,67.0,0.0,laporan_iklim_harian-oktober-2025.xlsx
2025-11-01,24.7,35.7,30.0,69.0,0.0,laporan_iklim_harian-november-2025.xlsx
2025-11-02,24.4,33.0,28.3,82.0,30.5,laporan_iklim_harian-november-2025.xlsx
2025-11-03,22.0,34.0,27.7,76.0,8.6,laporan_iklim_harian-november-2025.xlsx
2025-11-04,23.7,33.8,28.1,78.0,11.7,laporan_iklim_harian-november-2025.xlsx
2025-11-05,24.5,35.2,28.6,73.0,0.0,laporan_iklim_harian-november-2025.xlsx
2025-11-06,23.0,35.1,28.9,71.0,0.0,laporan_iklim_harian-november-2025.xlsx
2025-11-07,23.3,33.3,28.1,68.0,0.0,laporan_iklim_harian-november-2025.xlsx
2025-11-08,22.6,35.2,27.9,69.0,0.0,laporan_iklim_harian-november-2025.xlsx
2025-11-09,22.6,33.4,28.3,68.0,0.0,laporan_iklim_harian-november-2025.xlsx
2025-11-10,24.8,33.9,28.7,70.0,8888.0,laporan_iklim_harian-november-2025.xlsx
2025-11-11,24.0,33.8,28.8,68.0,0.0,laporan_iklim_harian-november-2025.xlsx
2025-11-12,24.0,33.8,28.2,71.0,1.4,laporan_iklim_harian-november-2025.xlsx
2025-11-13,24.3,31.9,27.7,76.0,0.0,laporan_iklim_harian-november-2025.xlsx
2025-11-14,23.2,34.2,27.3,79.0,7.2,laporan_iklim_harian-november-2025.xlsx
2025-11-15,24.1,31.0,26.7,82.0,0.6,laporan_iklim_harian-november-2025.xlsx
2025-11-16,22.9,29.4,25.7,92.0,9.7,laporan_iklim_harian-november-2025.xlsx
2025-11-17,23.0,33.4,25.8,89.0,0.0,laporan_iklim_harian-november-2025.xlsx
2025-11-18,23.8,33.6,28.2,75.0,3.0,laporan_iklim_harian-november-2025.xlsx
2025-11-19,23.8,33.0,27.8,76.0,0.5,laporan_iklim_harian-november-2025.xlsx
2025-11-20,23.8,33.8,27.9,77.0,4.6,laporan_iklim_harian-november-2025.xlsx
2025-11-21,23.8,33.5,27.6,82.0,36.8,laporan_iklim_harian-november-2025.xlsx
2025-11-22,24.2,32.0,27.4,80.0,1.4,laporan_iklim_harian-november-2025.xlsx
2025-11-23,24.2,33.8,28.6,74.0,0.8,laporan_iklim_harian-november-2025.xlsx
2025-11-24,24.0,32.6,28.0,78.0,0.0,laporan_iklim_harian-november-2025.xlsx
2025-11-25,24.3,31.5,27.1,81.0,1.5,laporan_iklim_harian-november-2025.xlsx
2025-11-26,24.4,32.4,26.7,82.0,0.5,laporan_iklim_harian-november-2025.xlsx
2025-11-27,23.8,28.2,25.8,86.0,3.3,laporan_iklim_harian-november-2025.xlsx
2025-11-28,23.4,30.3,25.8,82.0,8888.0,laporan_iklim_harian-november-2025.xlsx
2025-11-29,23.0,34.0,27.5,75.0,1.0,laporan_iklim_harian-november-2025.xlsx
2025-11-30,23.7,32.6,27.1,79.0,0.3,laporan_iklim_harian-november-2025.xlsx
2025-12-01,24.0,33.9,28.9,77.0,0.0,laporan_iklim_harian-desember-2025.xlsx
2025-12-02,21.8,32.8,26.4,86.0,14.8,laporan_iklim_harian-desember-2025.xlsx
2025-12-03,22.0,32.5,26.6,84.0,24.7,laporan_iklim_harian-desember-2025.xlsx
2025-12-04,22.9,27.5,24.9,93.0,23.9,laporan_iklim_harian-desember-2025.xlsx
2025-12-05,23.3,31.8,26.5,85.0,8888.0,laporan_iklim_harian-desember-2025.xlsx
2025-12-06,22.0,30.5,25.0,88.0,40.4,laporan_iklim_harian-desember-2025.xlsx
2025-12-07,22.7,30.2,24.9,91.0,0.2,laporan_iklim_harian-desember-2025.xlsx
2025-12-08,23.2,28.1,24.1,97.0,15.3,laporan_iklim_harian-desember-2025.xlsx
2025-12-09,22.5,31.8,25.8,87.0,26.2,laporan_iklim_harian-desember-2025.xlsx
2025-12-10,22.8,29.8,25.4,91.0,49.6,laporan_iklim_harian-desember-2025.xlsx
2025-12-11,23.0,31.7,26.1,88.0,0.1,laporan_iklim_harian-desember-2025.xlsx
2025-12-12,23.0,32.7,26.4,85.0,2.3,laporan_iklim_harian-desember-2025.xlsx
2025-12-13,22.8,32.5,26.6,84.0,105.8,laporan_iklim_harian-desember-2025.xlsx
2025-12-14,23.1,31.0,25.3,91.0,24.4,laporan_iklim_harian-desember-2025.xlsx
2025-12-15,23.1,29.6,24.8,91.0,36.8,laporan_iklim_harian-desember-2025.xlsx
2025-12-16,21.6,29.3,23.5,98.0,18.1,laporan_iklim_harian-desember-2025.xlsx
2025-12-17,22.6,31.2,25.7,88.0,56.8,laporan_iklim_harian-desember-2025.xlsx
2025-12-18,23.1,32.0,26.2,87.0,3.6,laporan_iklim_harian-desember-2025.xlsx
2025-12-19,23.5,32.7,26.8,84.0,0.4,laporan_iklim_harian-desember-2025.xlsx
2025-12-20,23.6,32.9,27.7,80.0,2.2,laporan_iklim_harian-desember-2025.xlsx
2025-12-21,23.8,30.5,26.7,87.0,15.5,laporan_iklim_harian-desember-2025.xlsx
2025-12-22,23.4,31.2,26.0,88.0,20.0,laporan_iklim_harian-desember-2025.xlsx
2025-12-23,23.0,33.2,27.2,83.0,2.5,laporan_iklim_harian-desember-2025.xlsx
2025-12-24,23.8,32.0,27.4,82.0,0.0,laporan_iklim_harian-desember-2025.xlsx
2025-12-25,24.3,33.7,28.0,81.0,0.4,laporan_iklim_harian-desember-2025.xlsx
2025-12-26,23.0,32.5,25.9,85.0,8.8,laporan_iklim_harian-desember-2025.xlsx
2025-12-27,23.7,30.0,26.5,87.0,8888.0,laporan_iklim_harian-desember-2025.xlsx
2025-12-28,24.6,27.8,25.8,92.0,1.2,laporan_iklim_harian-desember-2025.xlsx
2025-12-29,23.0,30.6,26.1,88.0,16.4,laporan_iklim_harian-desember-2025.xlsx
2025-12-30,23.4,31.2,26.1,88.0,0.0,laporan_iklim_harian-desember-2025.xlsx
2025-12-31,22.9,33.4,27.1,80.0,7.6,laporan_iklim_harian-desember-2025.xlsx
2026-01-01,22.2,32.8,26.8,82.0,19.2,laporan_iklim_harian-januari-2026.xlsx
2026-01-02,22.8,30.0,24.6,94.0,5.5,laporan_iklim_harian-januari-2026.xlsx
2026-01-03,22.4,31.6,25.5,84.0,88.4,laporan_iklim_harian-januari-2026.xlsx
2026-01-04,22.5,30.8,26.7,80.0,0.0,laporan_iklim_harian-januari-2026.xlsx
2026-01-05,23.9,31.4,26.8,78.0,0.0,laporan_iklim_harian-januari-2026.xlsx
2026-01-06,24.3,30.7,27.2,81.0,0.0,laporan_iklim_harian-januari-2026.xlsx
2026-01-07,24.1,31.5,25.7,90.0,0.0,laporan_iklim_harian-januari-2026.xlsx
2026-01-08,23.5,30.1,25.9,88.0,11.5,laporan_iklim_harian-januari-2026.xlsx
2026-01-09,24.0,30.2,26.3,79.0,0.0,laporan_iklim_harian-januari-2026.xlsx
2026-01-10,23.4,30.7,26.1,86.0,42.7,laporan_iklim_harian-januari-2026.xlsx
2026-01-11,23.6,31.4,26.4,82.0,0.2,laporan_iklim_harian-januari-2026.xlsx
2026-01-12,23.5,30.8,26.5,83.0,3.0,laporan_iklim_harian-januari-2026.xlsx
2026-01-13,22.0,32.2,26.4,81.0,25.9,laporan_iklim_harian-januari-2026.xlsx
2026-01-14,22.4,32.9,27.2,76.0,0.0,laporan_iklim_harian-januari-2026.xlsx
2026-01-15,22.4,32.2,26.8,80.0,13.0,laporan_iklim_harian-januari-2026.xlsx
2026-01-16,22.2,32.0,26.2,84.0,40.4,laporan_iklim_harian-januari-2026.xlsx
2026-01-17,22.7,31.8,27.4,83.0,0.9,laporan_iklim_harian-januari-2026.xlsx
2026-01-18,24.2,33.0,27.6,79.0,3.0,laporan_iklim_harian-januari-2026.xlsx
2026-01-19,23.6,32.1,26.9,80.0,2.1,laporan_iklim_harian-januari-2026.xlsx
2026-01-20,23.7,32.4,26.9,75.0,0.0,laporan_iklim_harian-januari-2026.xlsx
2026-01-21,22.9,31.5,26.3,77.0,0.0,laporan_iklim_harian-januari-2026.xlsx
2026-01-22,23.0,32.4,26.6,74.0,0.0,laporan_iklim_harian-januari-2026.xlsx
2026-01-23,22.9,30.4,26.2,75.0,0.0,laporan_iklim_harian-januari-2026.xlsx
2026-01-24,22.8,32.1,26.9,71.0,0.0,laporan_iklim_harian-januari-2026.xlsx
2026-01-25,22.2,32.8,26.1,78.0,0.0,laporan_iklim_harian-januari-2026.xlsx
2026-01-26,22.6,32.1,26.3,77.0,0.0,laporan_iklim_harian-januari-2026.xlsx
2026-01-27,22.7,32.4,26.8,75.0,0.0,laporan_iklim_harian-januari-2026.xlsx
2026-01-28,23.2,31.4,26.9,75.0,0.0,laporan_iklim_harian-januari-2026.xlsx
2026-01-29,23.6,31.5,25.7,90.0,3.2,laporan_iklim_harian-januari-2026.xlsx
2026-01-30,23.4,31.8,26.7,83.0,3.0,laporan_iklim_harian-januari-2026.xlsx
2026-01-31,23.9,32.4,26.8,81.0,0.0,laporan_iklim_harian-januari-2026.xlsx
2026-02-01,22.8,31.1,26.2,83.0,59.5,laporan_iklim_harian-februari-2026.xlsx
2026-02-02,23.2,30.5,26.5,79.0,8888.0,laporan_iklim_harian-februari-2026.xlsx
2026-02-03,24.0,29.6,26.5,74.0,8888.0,laporan_iklim_harian-februari-2026.xlsx
2026-02-04,24.0,33.3,27.6,73.0,8888.0,laporan_iklim_harian-februari-2026.xlsx
2026-02-05,22.2,33.6,27.3,76.0,0.0,laporan_iklim_harian-februari-2026.xlsx
2026-02-06,23.0,32.8,26.7,83.0,2.7,laporan_iklim_harian-februari-2026.xlsx
2026-02-07,22.8,34.0,25.6,82.0,0.0,laporan_iklim_harian-februari-2026.xlsx
2026-02-08,23.0,32.5,25.7,86.0,0.4,laporan_iklim_harian-februari-2026.xlsx
2026-02-09,23.1,30.8,26.3,79.0,8888.0,laporan_iklim_harian-februari-2026.xlsx
2026-02-10,22.8,33.6,27.4,77.0,8888.0,laporan_iklim_harian-februari-2026.xlsx
2026-02-11,23.0,34.5,27.5,78.0,0.0,laporan_iklim_harian-februari-2026.xlsx
2026-02-12,24.1,33.8,28.0,75.0,6.5,laporan_iklim_harian-februari-2026.xlsx
2026-02-13,24.0,32.0,27.4,81.0,8888.0,laporan_iklim_harian-februari-2026.xlsx
2026-02-14,21.7,32.5,25.5,83.0,2.2,laporan_iklim_harian-februari-2026.xlsx
2026-02-15,22.0,30.3,25.2,92.0,11.0,laporan_iklim_harian-februari-2026.xlsx
2026-02-16,23.4,31.6,25.0,93.0,0.6,laporan_iklim_harian-februari-2026.xlsx
2026-02-17,23.4,28.4,25.7,87.0,14.6,laporan_iklim_harian-februari-2026.xlsx
2026-02-18,23.7,30.4,26.5,86.0,8888.0,laporan_iklim_harian-februari-2026.xlsx
2026-02-19,21.6,29.0,24.3,83.0,6.5,laporan_iklim_harian-februari-2026.xlsx
2026-02-20,21.3,32.0,26.5,81.0,0.6,laporan_iklim_harian-februari-2026.xlsx
2026-02-21,22.8,32.8,27.3,76.0,8888.0,laporan_iklim_harian-februari-2026.xlsx
2026-02-22,24.4,34.5,26.4,84.0,8888.0,laporan_iklim_harian-februari-2026.xlsx
2026-02-23,22.7,33.1,27.0,81.0,13.2,laporan_iklim_harian-februari-2026.xlsx
2026-02-24,23.2,32.4,27.5,81.0,8888.0,laporan_iklim_harian-februari-2026.xlsx
2026-02-25,24.4,34.0,28.7,77.0,0.0,laporan_iklim_harian-februari-2026.xlsx
2026-02-26,22.6,33.1,27.0,79.0,54.6,laporan_iklim_harian-februari-2026.xlsx
2026-02-27,23.2,34.3,28.1,72.0,0.2,laporan_iklim_harian-februari-2026.xlsx
2026-02-28,23.4,35.3,28.5,70.0,0.0,laporan_iklim_harian-februari-2026.xlsx
2026-03-01,24.0,35.4,29.3,70.0,0.0,laporan_iklim_harian-maret-2026.xlsx
2026-03-02,23.6,32.4,27.2,80.0,0.0,laporan_iklim_harian-maret-2026.xlsx
2026-03-03,23.9,34.8,26.9,83.0,0.0,laporan_iklim_harian-maret-2026.xlsx
2026-03-04,24.0,34.5,27.3,82.0,2.4,laporan_iklim_harian-maret-2026.xlsx
2026-03-05,24.2,34.3,28.1,75.0,0.0,laporan_iklim_harian-maret-2026.xlsx
2026-03-06,24.0,31.9,27.6,76.0,1.3,laporan_iklim_harian-maret-2026.xlsx
2026-03-07,24.0,34.4,28.1,74.0,0.8,laporan_iklim_harian-maret-2026.xlsx
2026-03-08,24.2,32.4,27.8,74.0,0.0,laporan_iklim_harian-maret-2026.xlsx
2026-03-09,24.5,33.0,28.2,75.0,0.0,laporan_iklim_harian-maret-2026.xlsx
2026-03-10,23.1,33.8,28.1,72.0,0.0,laporan_iklim_harian-maret-2026.xlsx
2026-03-11,22.7,34.3,27.6,70.0,0.0,laporan_iklim_harian-maret-2026.xlsx
2026-03-12,22.4,34.2,28.1,70.0,0.0,laporan_iklim_harian-maret-2026.xlsx
2026-03-13,24.1,33.9,28.1,77.0,0.0,laporan_iklim_harian-maret-2026.xlsx
2026-03-14,23.7,30.9,25.9,89.0,8888.0,laporan_iklim_harian-maret-2026.xlsx
2026-03-15,22.8,32.2,26.3,87.0,13.7,laporan_iklim_harian-maret-2026.xlsx
2026-03-16,23.4,32.7,27.3,78.0,11.4,laporan_iklim_harian-maret-2026.xlsx
2026-03-17,23.8,30.5,26.5,87.0,0.0,laporan_iklim_harian-maret-2026.xlsx
2026-03-18,24.4,33.2,28.0,81.0,1.5,laporan_iklim_harian-maret-2026.xlsx
2026-03-19,24.5,33.2,27.8,81.0,7.6,laporan_iklim_harian-maret-2026.xlsx
2026-03-20,23.5,33.4,26.4,86.0,7.0,laporan_iklim_harian-maret-2026.xlsx
2026-03-21,23.8,30.0,25.6,91.0,11.6,laporan_iklim_harian-maret-2026.xlsx
2026-03-22,23.0,32.9,27.9,76.0,28.4,laporan_iklim_harian-maret-2026.xlsx
2026-03-23,23.4,33.1,28.2,76.0,0.0,laporan_iklim_harian-maret-2026.xlsx
2026-03-24,23.8,34.5,28.3,77.0,0.0,laporan_iklim_harian-maret-2026.xlsx
2026-03-25,24.4,33.5,28.2,77.0,0.0,laporan_iklim_harian-maret-2026.xlsx
2026-03-26,24.8,33.8,28.2,78.0,10.0,laporan_iklim_harian-maret-2026.xlsx
2026-03-27,25.6,32.0,28.1,81.0,0.0,laporan_iklim_harian-maret-2026.xlsx
2026-03-28,25.4,31.0,27.5,84.0,2.5,laporan_iklim_harian-maret-2026.xlsx
2026-03-29,22.8,32.5,26.9,84.0,50.2,laporan_iklim_harian-maret-2026.xlsx
2026-03-30,23.4,33.9,26.1,86.0,1.3,laporan_iklim_harian-maret-2026.xlsx
2026-03-31,23.4,33.2,27.3,83.0,15.8,laporan_iklim_harian-maret-2026.xlsx
2026-04-01,24.7,31.0,25.6,93.0,0.0,laporan_iklim_harian-april-2026.xlsx
2026-04-02,22.4,33.3,28.5,83.0,2.0,laporan_iklim_harian-april-2026.xlsx
2026-04-03,25.0,33.6,28.8,78.0,6.7,laporan_iklim_harian-april-2026.xlsx
2026-04-04,23.3,32.7,27.1,83.0,6.4,laporan_iklim_harian-april-2026.xlsx
2026-04-05,23.2,32.6,27.6,77.0,0.0,laporan_iklim_harian-april-2026.xlsx
2026-04-06,22.7,33.6,27.8,81.0,42.8,laporan_iklim_harian-april-2026.xlsx
2026-04-07,24.2,32.7,28.0,78.0,8888.0,laporan_iklim_harian-april-2026.xlsx
2026-04-08,22.8,34.6,28.4,75.0,0.5,laporan_iklim_harian-april-2026.xlsx
2026-04-09,23.4,30.2,26.2,87.0,15.7,laporan_iklim_harian-april-2026.xlsx
2026-04-10,23.6,34.2,28.5,75.0,0.0,laporan_iklim_harian-april-2026.xlsx
2026-04-11,22.7,33.1,27.3,81.0,52.0,laporan_iklim_harian-april-2026.xlsx
2026-04-12,24.4,34.6,28.6,81.0,0.0,laporan_iklim_harian-april-2026.xlsx
2026-04-13,24.9,31.1,26.7,86.0,0.0,laporan_iklim_harian-april-2026.xlsx
2026-04-14,24.7,33.7,27.2,86.0,8888.0,laporan_iklim_harian-april-2026.xlsx
2026-04-15,23.4,30.3,26.2,88.0,21.4,laporan_iklim_harian-april-2026.xlsx
2026-04-16,23.4,33.2,27.7,85.0,8888.0,laporan_iklim_harian-april-2026.xlsx
2026-04-17,24.2,33.5,27.8,80.0,0.1,laporan_iklim_harian-april-2026.xlsx
2026-04-18,24.2,34.4,27.7,79.0,0.0,laporan_iklim_harian-april-2026.xlsx
2026-04-19,23.0,35.0,27.2,85.0,42.6,laporan_iklim_harian-april-2026.xlsx
2026-04-20,23.4,28.2,25.1,96.0,7.1,laporan_iklim_harian-april-2026.xlsx
2026-04-21,23.0,33.3,26.0,89.0,24.3,laporan_iklim_harian-april-2026.xlsx
2026-04-22,23.5,32.4,27.3,84.0,15.3,laporan_iklim_harian-april-2026.xlsx
2026-04-23,23.9,33.8,28.3,81.0,0.0,laporan_iklim_harian-april-2026.xlsx
2026-04-24,25.1,34.9,29.0,79.0,0.0,laporan_iklim_harian-april-2026.xlsx
2026-04-25,25.1,33.5,27.0,89.0,0.0,laporan_iklim_harian-april-2026.xlsx
2026-04-26,23.5,32.7,27.1,86.0,42.5,laporan_iklim_harian-april-2026.xlsx
2026-04-27,24.0,34.1,27.2,83.0,3.4,laporan_iklim_harian-april-2026.xlsx
2026-04-28,23.5,34.1,28.7,77.0,0.8,laporan_iklim_harian-april-2026.xlsx
2026-04-29,23.5,31.5,26.5,88.0,0.0,laporan_iklim_harian-april-2026.xlsx
2026-04-30,23.4,33.9,28.0,82.0,3.0,laporan_iklim_harian-april-2026.xlsx
2026-05-01,23.4,33.4,26.0,92.0,69.0,laporan_iklim_harian-mei-2026.xlsx
2026-05-02,23.0,32.8,28.1,80.0,5.0,laporan_iklim_harian-mei-2026.xlsx
2026-05-03,24.5,33.4,27.3,83.0,0.2,laporan_iklim_harian-mei-2026.xlsx
2026-05-04,24.3,32.9,26.7,87.0,8888.0,laporan_iklim_harian-mei-2026.xlsx
2026-05-05,23.9,33.5,27.4,83.0,62.0,laporan_iklim_harian-mei-2026.xlsx
2026-05-06,24.1,30.5,26.0,91.0,3.5,laporan_iklim_harian-mei-2026.xlsx
2026-05-07,24.0,32.7,27.5,86.0,13.2,laporan_iklim_harian-mei-2026.xlsx
2026-05-08,24.3,31.8,26.7,91.0,0.6,laporan_iklim_harian-mei-2026.xlsx
2026-05-09,23.4,33.8,27.8,81.0,72.5,laporan_iklim_harian-mei-2026.xlsx
2026-05-10,23.8,34.0,28.4,82.0,8888.0,laporan_iklim_harian-mei-2026.xlsx
2026-05-11,24.8,30.2,26.9,88.0,23.0,laporan_iklim_harian-mei-2026.xlsx
2026-05-12,24.2,34.2,28.6,82.0,34.7,laporan_iklim_harian-mei-2026.xlsx
2026-05-13,23.0,31.8,26.8,84.0,2.8,laporan_iklim_harian-mei-2026.xlsx
2026-05-14,23.4,34.3,28.0,82.0,0.0,laporan_iklim_harian-mei-2026.xlsx
2026-05-15,24.2,29.3,25.8,93.0,42.5,laporan_iklim_harian-mei-2026.xlsx
2026-05-16,23.9,30.7,26.9,85.0,2.2,laporan_iklim_harian-mei-2026.xlsx
2026-05-17,24.2,32.6,28.1,87.0,0.0,laporan_iklim_harian-mei-2026.xlsx
2026-05-18,25.0,34.0,28.9,81.0,8888.0,laporan_iklim_harian-mei-2026.xlsx
2026-05-19,25.7,35.1,29.7,76.0,0.0,laporan_iklim_harian-mei-2026.xlsx
2026-05-20,,32.5,,,0.0,laporan_iklim_harian-mei-2026.xlsx
2026-05-21,23.6,,,,0.8,laporan_iklim_harian-mei-2026.xlsx
2026-05-22,25.0,35.1,29.2,75.2,0.0,laporan_iklim_harian-mei-2026.xlsx
2026-05-23,25.8,35.8,29.9,68.0,0.0,laporan_iklim_harian-mei-2026.xlsx
2026-05-24,23.7,33.8,27.7,78.5,3.6,laporan_iklim_harian-mei-2026.xlsx
2026-05-25,23.7,34.7,29.2,69.5,2.0,laporan_iklim_harian-mei-2026.xlsx
2026-05-26,23.6,34.7,29.3,70.8,0.0,laporan_iklim_harian-mei-2026.xlsx
2026-05-27,25.0,35.6,29.2,70.5,0.0,laporan_iklim_harian-mei-2026.xlsx
2026-05-28,25.6,34.8,28.9,78.0,0.0,laporan_iklim_harian-mei-2026.xlsx
2026-05-29,25.0,36.2,29.8,71.2,0.0,laporan_iklim_harian-mei-2026.xlsx
2026-05-30,23.9,32.4,28.0,82.8,27.6,laporan_iklim_harian-mei-2026.xlsx
2026-05-31,25.0,34.8,29.3,76.2,0.0,laporan_iklim_harian-mei-2026.xlsx
2026-06-01,23.1,33.2,27.7,79.2,26.5,laporan_iklim_harian-juni-2026.xlsx
2026-06-02,,35.2,,,19.6,laporan_iklim_harian-juni-2026.xlsx
2026-06-03,25.5,34.2,29.1,78.8,8888.0,laporan_iklim_harian-juni-2026.xlsx
2026-06-04,23.0,34.7,29.0,78.8,16.4,laporan_iklim_harian-juni-2026.xlsx
2026-06-05,25.1,34.0,29.6,78.5,0.0,laporan_iklim_harian-juni-2026.xlsx
2026-06-06,25.7,34.3,29.6,76.0,0.0,laporan_iklim_harian-juni-2026.xlsx
2026-06-07,25.8,32.3,27.6,86.8,0.0,laporan_iklim_harian-juni-2026.xlsx
2026-06-08,24.5,33.8,28.7,80.8,4.3,laporan_iklim_harian-juni-2026.xlsx
2026-06-09,25.0,35.2,28.6,72.2,0.2,laporan_iklim_harian-juni-2026.xlsx
2026-06-10,23.0,33.0,27.6,79.5,71.2,laporan_iklim_harian-juni-2026.xlsx
2026-06-11,23.5,32.6,27.6,81.8,0.0,laporan_iklim_harian-juni-2026.xlsx
2026-06-12,24.4,32.9,27.6,81.5,13.2,laporan_iklim_harian-juni-2026.xlsx
2026-06-13,25.0,33.7,28.5,81.5,0.0,laporan_iklim_harian-juni-2026.xlsx
2026-06-14,25.3,33.1,27.8,82.2,0.0,laporan_iklim_harian-juni-2026.xlsx
2026-06-15,23.8,33.6,28.0,76.8,1.4,laporan_iklim_harian-juni-2026.xlsx
2026-06-16,24.0,32.6,27.6,77.5,8888.0,laporan_iklim_harian-juni-2026.xlsx
2026-06-17,23.7,32.6,26.9,82.2,0.0,laporan_iklim_harian-juni-2026.xlsx
2026-06-18,23.1,31.8,26.7,82.0,35.6,laporan_iklim_harian-juni-2026.xlsx
2026-06-19,23.4,33.3,28.5,77.8,0.0,laporan_iklim_harian-juni-2026.xlsx
2026-06-20,23.0,31.4,26.5,83.5,64.5,laporan_iklim_harian-juni-2026.xlsx
2026-06-21,,33.6,,,10.5,laporan_iklim_harian-juni-2026.xlsx
2026-06-22,23.0,31.6,27.0,82.5,19.6,laporan_iklim_harian-juni-2026.xlsx
2026-06-23,24.4,33.4,28.2,78.0,8888.0,laporan_iklim_harian-juni-2026.xlsx
2026-06-24,23.0,29.5,25.6,93.0,0.0,laporan_iklim_harian-juni-2026.xlsx
2026-06-25,23.2,31.7,27.1,83.2,33.0,laporan_iklim_harian-juni-2026.xlsx
2026-06-26,23.2,33.2,27.9,81.0,0.0,laporan_iklim_harian-juni-2026.xlsx
